[
{"time":"4:0-15 min.", "name":"Antakalnio sen.", "numberIn":30, "numberOut":20},
{"time":"4:0-15 min.", "name":"Karoliniškių sen.", "numberIn":1, "numberOut":0},
{"time":"4:0-15 min.", "name":"Naujamiesčio sen", "numberIn":4, "numberOut":2},
{"time":"4:0-15 min.", "name":"Naujininkų sen.", "numberIn":3, "numberOut":1},
{"time":"4:0-15 min.", "name":"Naujosios Vilnios sen.", "numberIn":2, "numberOut":0},
{"time":"4:0-15 min.", "name":"Rasų sen.", "numberIn":1, "numberOut":5},
{"time":"4:0-15 min.", "name":"Senamiesčio sen.", "numberIn":6, "numberOut":8},
{"time":"4:0-15 min.", "name":"Šeškinės sen.", "numberIn":3, "numberOut":1},
{"time":"4:0-15 min.", "name":"Šnipiškių sen.", "numberIn":24, "numberOut":22},
{"time":"4:0-15 min.", "name":"Verkių sen.", "numberIn":1, "numberOut":1},
{"time":"4:0-15 min.", "name":"Žirmūnų sen.", "numberIn":22, "numberOut":27},
{"time":"4:0-15 min.", "name":"Žvėryno sen.", "numberIn":1, "numberOut":0},
{"time":"4:0-15 min.", "name":"Lazdynų sen.", "numberIn":0, "numberOut":1},
{"time":"4:0-15 min.", "name":"Panerių sen.", "numberIn":0, "numberOut":1},
{"time":"4:0-15 min.", "name":"Pašilaičių sen.", "numberIn":0, "numberOut":1},
{"time":"4:15-30 min.", "name":"Antakalnio sen.", "numberIn":34, "numberOut":32},
{"time":"4:15-30 min.", "name":"Fabijoniškių sen.", "numberIn":1, "numberOut":0},
{"time":"4:15-30 min.", "name":"Grigiškių sen.", "numberIn":1, "numberOut":1},
{"time":"4:15-30 min.", "name":"Karoliniškių sen.", "numberIn":1, "numberOut":0},
{"time":"4:15-30 min.", "name":"Naujamiesčio sen", "numberIn":2, "numberOut":1},
{"time":"4:15-30 min.", "name":"Naujininkų sen.", "numberIn":2, "numberOut":1},
{"time":"4:15-30 min.", "name":"Pašilaičių sen.", "numberIn":1, "numberOut":0},
{"time":"4:15-30 min.", "name":"Rasų sen.", "numberIn":12, "numberOut":4},
{"time":"4:15-30 min.", "name":"Senamiesčio sen.", "numberIn":4, "numberOut":9},
{"time":"4:15-30 min.", "name":"Šeškinės sen.", "numberIn":2, "numberOut":0},
{"time":"4:15-30 min.", "name":"Šnipiškių sen.", "numberIn":25, "numberOut":31},
{"time":"4:15-30 min.", "name":"Verkių sen.", "numberIn":3, "numberOut":1},
{"time":"4:15-30 min.", "name":"Viršuliškių sen.", "numberIn":1, "numberOut":0},
{"time":"4:15-30 min.", "name":"Žirmūnų sen.", "numberIn":25, "numberOut":24},
{"time":"4:15-30 min.", "name":"Lazdynų sen.", "numberIn":0, "numberOut":1},
{"time":"4:15-30 min.", "name":"Vilkpėdės sen.", "numberIn":0, "numberOut":3},
{"time":"4:15-30 min.", "name":"Žvėryno sen.", "numberIn":0, "numberOut":1},
{"time":"4:15-30 min.", "name":"Naujosios Vilnios sen.", "numberIn":0, "numberOut":2},
{"time":"4:30-45 min.", "name":"Antakalnio sen.", "numberIn":52, "numberOut":44},
{"time":"4:30-45 min.", "name":"Fabijoniškių sen.", "numberIn":1, "numberOut":0},
{"time":"4:30-45 min.", "name":"Karoliniškių sen.", "numberIn":1, "numberOut":1},
{"time":"4:30-45 min.", "name":"Lazdynų sen.", "numberIn":1, "numberOut":2},
{"time":"4:30-45 min.", "name":"Naujamiesčio sen", "numberIn":3, "numberOut":7},
{"time":"4:30-45 min.", "name":"Naujininkų sen.", "numberIn":1, "numberOut":1},
{"time":"4:30-45 min.", "name":"Naujosios Vilnios sen.", "numberIn":5, "numberOut":2},
{"time":"4:30-45 min.", "name":"Nemėžio sen.", "numberIn":1, "numberOut":1},
{"time":"4:30-45 min.", "name":"Pašilaičių sen.", "numberIn":1, "numberOut":0},
{"time":"4:30-45 min.", "name":"Pilaitės sen.", "numberIn":2, "numberOut":1},
{"time":"4:30-45 min.", "name":"Rasų sen.", "numberIn":4, "numberOut":11},
{"time":"4:30-45 min.", "name":"Senamiesčio sen.", "numberIn":19, "numberOut":26},
{"time":"4:30-45 min.", "name":"Šeškinės sen.", "numberIn":1, "numberOut":0},
{"time":"4:30-45 min.", "name":"Šnipiškių sen.", "numberIn":52, "numberOut":57},
{"time":"4:30-45 min.", "name":"Verkių sen.", "numberIn":4, "numberOut":1},
{"time":"4:30-45 min.", "name":"Viršuliškių sen.", "numberIn":1, "numberOut":1},
{"time":"4:30-45 min.", "name":"Žirmūnų sen.", "numberIn":32, "numberOut":45},
{"time":"4:30-45 min.", "name":"Žvėryno sen.", "numberIn":0, "numberOut":2},
{"time":"4:30-45 min.", "name":"Vilkpėdės sen.", "numberIn":0, "numberOut":3},
{"time":"4:45-60 min.", "name":"Antakalnio sen.", "numberIn":66, "numberOut":56},
{"time":"4:45-60 min.", "name":"Fabijoniškių sen.", "numberIn":1, "numberOut":1},
{"time":"4:45-60 min.", "name":"Justiniškių sen.", "numberIn":1, "numberOut":0},
{"time":"4:45-60 min.", "name":"Karoliniškių sen.", "numberIn":2, "numberOut":0},
{"time":"4:45-60 min.", "name":"Lazdynų sen.", "numberIn":3, "numberOut":1},
{"time":"4:45-60 min.", "name":"Naujamiesčio sen", "numberIn":4, "numberOut":8},
{"time":"4:45-60 min.", "name":"Naujininkų sen.", "numberIn":4, "numberOut":3},
{"time":"4:45-60 min.", "name":"Naujosios Vilnios sen.", "numberIn":3, "numberOut":1},
{"time":"4:45-60 min.", "name":"Panerių sen.", "numberIn":1, "numberOut":1},
{"time":"4:45-60 min.", "name":"Pašilaičių sen.", "numberIn":1, "numberOut":0},
{"time":"4:45-60 min.", "name":"Rasų sen.", "numberIn":8, "numberOut":5},
{"time":"4:45-60 min.", "name":"Senamiesčio sen.", "numberIn":19, "numberOut":25},
{"time":"4:45-60 min.", "name":"Šeškinės sen.", "numberIn":3, "numberOut":1},
{"time":"4:45-60 min.", "name":"Šnipiškių sen.", "numberIn":66, "numberOut":83},
{"time":"4:45-60 min.", "name":"Verkių sen.", "numberIn":11, "numberOut":2},
{"time":"4:45-60 min.", "name":"Vilkpėdės sen.", "numberIn":1, "numberOut":1},
{"time":"4:45-60 min.", "name":"Žirmūnų sen.", "numberIn":50, "numberOut":46},
{"time":"4:45-60 min.", "name":"Žvėryno sen.", "numberIn":2, "numberOut":0},
{"time":"4:45-60 min.", "name":"Viršuliškių sen.", "numberIn":0, "numberOut":2},
{"time":"5:0-15 min.", "name":"Antakalnio sen.", "numberIn":84, "numberOut":69},
{"time":"5:0-15 min.", "name":"Fabijoniškių sen.", "numberIn":1, "numberOut":0},
{"time":"5:0-15 min.", "name":"Justiniškių sen.", "numberIn":1, "numberOut":0},
{"time":"5:0-15 min.", "name":"Karoliniškių sen.", "numberIn":1, "numberOut":0},
{"time":"5:0-15 min.", "name":"Lazdynų sen.", "numberIn":1, "numberOut":1},
{"time":"5:0-15 min.", "name":"Naujamiesčio sen", "numberIn":1, "numberOut":17},
{"time":"5:0-15 min.", "name":"Naujininkų sen.", "numberIn":3, "numberOut":5},
{"time":"5:0-15 min.", "name":"Naujosios Vilnios sen.", "numberIn":7, "numberOut":2},
{"time":"5:0-15 min.", "name":"Pašilaičių sen.", "numberIn":1, "numberOut":0},
{"time":"5:0-15 min.", "name":"Pilaitės sen.", "numberIn":2, "numberOut":0},
{"time":"5:0-15 min.", "name":"Rasų sen.", "numberIn":17, "numberOut":10},
{"time":"5:0-15 min.", "name":"Senamiesčio sen.", "numberIn":26, "numberOut":43},
{"time":"5:0-15 min.", "name":"Šeškinės sen.", "numberIn":4, "numberOut":3},
{"time":"5:0-15 min.", "name":"Šnipiškių sen.", "numberIn":93, "numberOut":120},
{"time":"5:0-15 min.", "name":"Verkių sen.", "numberIn":20, "numberOut":5},
{"time":"5:0-15 min.", "name":"Viršuliškių sen.", "numberIn":6, "numberOut":1},
{"time":"5:0-15 min.", "name":"Žirmūnų sen.", "numberIn":79, "numberOut":55},
{"time":"5:0-15 min.", "name":"Žvėryno sen.", "numberIn":6, "numberOut":7},
{"time":"5:0-15 min.", "name":"Panerių sen.", "numberIn":0, "numberOut":1},
{"time":"5:0-15 min.", "name":"Vilkpėdės sen.", "numberIn":0, "numberOut":1},
{"time":"5:15-30 min.", "name":"Antakalnio sen.", "numberIn":160, "numberOut":106},
{"time":"5:15-30 min.", "name":"Fabijoniškių sen.", "numberIn":2, "numberOut":1},
{"time":"5:15-30 min.", "name":"Grigiškių sen.", "numberIn":1, "numberOut":0},
{"time":"5:15-30 min.", "name":"Karoliniškių sen.", "numberIn":1, "numberOut":3},
{"time":"5:15-30 min.", "name":"Lazdynų sen.", "numberIn":2, "numberOut":1},
{"time":"5:15-30 min.", "name":"Naujamiesčio sen", "numberIn":6, "numberOut":14},
{"time":"5:15-30 min.", "name":"Naujininkų sen.", "numberIn":4, "numberOut":9},
{"time":"5:15-30 min.", "name":"Naujosios Vilnios sen.", "numberIn":5, "numberOut":2},
{"time":"5:15-30 min.", "name":"Panerių sen.", "numberIn":1, "numberOut":3},
{"time":"5:15-30 min.", "name":"Pašilaičių sen.", "numberIn":1, "numberOut":1},
{"time":"5:15-30 min.", "name":"Pilaitės sen.", "numberIn":2, "numberOut":1},
{"time":"5:15-30 min.", "name":"Rasų sen.", "numberIn":32, "numberOut":25},
{"time":"5:15-30 min.", "name":"Riešės sen.", "numberIn":1, "numberOut":1},
{"time":"5:15-30 min.", "name":"Senamiesčio sen.", "numberIn":44, "numberOut":57},
{"time":"5:15-30 min.", "name":"Šeškinės sen.", "numberIn":5, "numberOut":2},
{"time":"5:15-30 min.", "name":"Šnipiškių sen.", "numberIn":123, "numberOut":184},
{"time":"5:15-30 min.", "name":"Verkių sen.", "numberIn":12, "numberOut":2},
{"time":"5:15-30 min.", "name":"Vilkpėdės sen.", "numberIn":4, "numberOut":1},
{"time":"5:15-30 min.", "name":"Viršuliškių sen.", "numberIn":2, "numberOut":2},
{"time":"5:15-30 min.", "name":"Žirmūnų sen.", "numberIn":132, "numberOut":102},
{"time":"5:15-30 min.", "name":"Žvėryno sen.", "numberIn":5, "numberOut":3},
{"time":"5:15-30 min.", "name":"Justiniškių sen.", "numberIn":0, "numberOut":1},
{"time":"5:15-30 min.", "name":"Rudaminos sen.", "numberIn":0, "numberOut":1},
{"time":"5:30-45 min.", "name":"Antakalnio sen.", "numberIn":189, "numberOut":120},
{"time":"5:30-45 min.", "name":"Justiniškių sen.", "numberIn":1, "numberOut":2},
{"time":"5:30-45 min.", "name":"Lazdynų sen.", "numberIn":4, "numberOut":1},
{"time":"5:30-45 min.", "name":"Naujamiesčio sen", "numberIn":10, "numberOut":19},
{"time":"5:30-45 min.", "name":"Naujininkų sen.", "numberIn":4, "numberOut":2},
{"time":"5:30-45 min.", "name":"Naujosios Vilnios sen.", "numberIn":9, "numberOut":5},
{"time":"5:30-45 min.", "name":"Nemėžio sen.", "numberIn":1, "numberOut":0},
{"time":"5:30-45 min.", "name":"Pašilaičių sen.", "numberIn":2, "numberOut":1},
{"time":"5:30-45 min.", "name":"Pilaitės sen.", "numberIn":1, "numberOut":0},
{"time":"5:30-45 min.", "name":"Rasų sen.", "numberIn":22, "numberOut":18},
{"time":"5:30-45 min.", "name":"Senamiesčio sen.", "numberIn":62, "numberOut":74},
{"time":"5:30-45 min.", "name":"Šeškinės sen.", "numberIn":5, "numberOut":5},
{"time":"5:30-45 min.", "name":"Šnipiškių sen.", "numberIn":200, "numberOut":260},
{"time":"5:30-45 min.", "name":"Verkių sen.", "numberIn":5, "numberOut":7},
{"time":"5:30-45 min.", "name":"Vilkpėdės sen.", "numberIn":4, "numberOut":5},
{"time":"5:30-45 min.", "name":"Viršuliškių sen.", "numberIn":2, "numberOut":2},
{"time":"5:30-45 min.", "name":"Žirmūnų sen.", "numberIn":174, "numberOut":140},
{"time":"5:30-45 min.", "name":"Žvėryno sen.", "numberIn":10, "numberOut":3},
{"time":"5:30-45 min.", "name":"Karoliniškių sen.", "numberIn":0, "numberOut":3},
{"time":"5:30-45 min.", "name":"Panerių sen.", "numberIn":0, "numberOut":3},
{"time":"5:45-60 min.", "name":"Antakalnio sen.", "numberIn":166, "numberOut":107},
{"time":"5:45-60 min.", "name":"Karoliniškių sen.", "numberIn":3, "numberOut":2},
{"time":"5:45-60 min.", "name":"Lazdynų sen.", "numberIn":2, "numberOut":0},
{"time":"5:45-60 min.", "name":"Naujamiesčio sen", "numberIn":7, "numberOut":21},
{"time":"5:45-60 min.", "name":"Naujininkų sen.", "numberIn":2, "numberOut":7},
{"time":"5:45-60 min.", "name":"Naujosios Vilnios sen.", "numberIn":5, "numberOut":3},
{"time":"5:45-60 min.", "name":"Panerių sen.", "numberIn":1, "numberOut":1},
{"time":"5:45-60 min.", "name":"Rasų sen.", "numberIn":16, "numberOut":22},
{"time":"5:45-60 min.", "name":"Senamiesčio sen.", "numberIn":55, "numberOut":78},
{"time":"5:45-60 min.", "name":"Šeškinės sen.", "numberIn":3, "numberOut":5},
{"time":"5:45-60 min.", "name":"Šnipiškių sen.", "numberIn":162, "numberOut":234},
{"time":"5:45-60 min.", "name":"Verkių sen.", "numberIn":8, "numberOut":9},
{"time":"5:45-60 min.", "name":"Vilkpėdės sen.", "numberIn":2, "numberOut":6},
{"time":"5:45-60 min.", "name":"Viršuliškių sen.", "numberIn":2, "numberOut":2},
{"time":"5:45-60 min.", "name":"Zujūnų sen.", "numberIn":1, "numberOut":0},
{"time":"5:45-60 min.", "name":"Žirmūnų sen.", "numberIn":169, "numberOut":170},
{"time":"5:45-60 min.", "name":"Žvėryno sen.", "numberIn":11, "numberOut":9},
{"time":"5:45-60 min.", "name":"Fabijoniškių sen.", "numberIn":0, "numberOut":1},
{"time":"5:45-60 min.", "name":"Pilaitės sen.", "numberIn":0, "numberOut":2},
{"time":"5:45-60 min.", "name":"Pašilaičių sen.", "numberIn":0, "numberOut":1},
{"time":"6:0-15 min.", "name":"Antakalnio sen.", "numberIn":162, "numberOut":117},
{"time":"6:0-15 min.", "name":"Karoliniškių sen.", "numberIn":1, "numberOut":0},
{"time":"6:0-15 min.", "name":"Lazdynų sen.", "numberIn":2, "numberOut":0},
{"time":"6:0-15 min.", "name":"Naujamiesčio sen", "numberIn":10, "numberOut":19},
{"time":"6:0-15 min.", "name":"Naujininkų sen.", "numberIn":5, "numberOut":5},
{"time":"6:0-15 min.", "name":"Naujosios Vilnios sen.", "numberIn":6, "numberOut":4},
{"time":"6:0-15 min.", "name":"Nemėžio sen.", "numberIn":1, "numberOut":0},
{"time":"6:0-15 min.", "name":"Panerių sen.", "numberIn":2, "numberOut":1},
{"time":"6:0-15 min.", "name":"Pašilaičių sen.", "numberIn":2, "numberOut":3},
{"time":"6:0-15 min.", "name":"Rasų sen.", "numberIn":32, "numberOut":21},
{"time":"6:0-15 min.", "name":"Riešės sen.", "numberIn":1, "numberOut":1},
{"time":"6:0-15 min.", "name":"Senamiesčio sen.", "numberIn":66, "numberOut":96},
{"time":"6:0-15 min.", "name":"Šeškinės sen.", "numberIn":6, "numberOut":13},
{"time":"6:0-15 min.", "name":"Šnipiškių sen.", "numberIn":206, "numberOut":256},
{"time":"6:0-15 min.", "name":"Verkių sen.", "numberIn":14, "numberOut":9},
{"time":"6:0-15 min.", "name":"Vilkpėdės sen.", "numberIn":3, "numberOut":4},
{"time":"6:0-15 min.", "name":"Viršuliškių sen.", "numberIn":1, "numberOut":1},
{"time":"6:0-15 min.", "name":"Žirmūnų sen.", "numberIn":172, "numberOut":135},
{"time":"6:0-15 min.", "name":"Žvėryno sen.", "numberIn":6, "numberOut":3},
{"time":"6:0-15 min.", "name":"Fabijoniškių sen.", "numberIn":0, "numberOut":2},
{"time":"6:0-15 min.", "name":"Pilaitės sen.", "numberIn":0, "numberOut":2},
{"time":"6:15-30 min.", "name":"Antakalnio sen.", "numberIn":158, "numberOut":136},
{"time":"6:15-30 min.", "name":"Avižienių sen.", "numberIn":1, "numberOut":2},
{"time":"6:15-30 min.", "name":"Fabijoniškių sen.", "numberIn":3, "numberOut":1},
{"time":"6:15-30 min.", "name":"Justiniškių sen.", "numberIn":2, "numberOut":0},
{"time":"6:15-30 min.", "name":"Naujamiesčio sen", "numberIn":12, "numberOut":11},
{"time":"6:15-30 min.", "name":"Naujininkų sen.", "numberIn":3, "numberOut":4},
{"time":"6:15-30 min.", "name":"Naujosios Vilnios sen.", "numberIn":9, "numberOut":3},
{"time":"6:15-30 min.", "name":"Panerių sen.", "numberIn":1, "numberOut":0},
{"time":"6:15-30 min.", "name":"Pašilaičių sen.", "numberIn":3, "numberOut":5},
{"time":"6:15-30 min.", "name":"Pilaitės sen.", "numberIn":2, "numberOut":0},
{"time":"6:15-30 min.", "name":"Rasų sen.", "numberIn":21, "numberOut":23},
{"time":"6:15-30 min.", "name":"Riešės sen.", "numberIn":1, "numberOut":1},
{"time":"6:15-30 min.", "name":"Senamiesčio sen.", "numberIn":46, "numberOut":76},
{"time":"6:15-30 min.", "name":"Šeškinės sen.", "numberIn":3, "numberOut":4},
{"time":"6:15-30 min.", "name":"Šnipiškių sen.", "numberIn":215, "numberOut":256},
{"time":"6:15-30 min.", "name":"Verkių sen.", "numberIn":9, "numberOut":8},
{"time":"6:15-30 min.", "name":"Vilkpėdės sen.", "numberIn":1, "numberOut":5},
{"time":"6:15-30 min.", "name":"Viršuliškių sen.", "numberIn":2, "numberOut":0},
{"time":"6:15-30 min.", "name":"Žirmūnų sen.", "numberIn":135, "numberOut":128},
{"time":"6:15-30 min.", "name":"Žvėryno sen.", "numberIn":8, "numberOut":5},
{"time":"6:15-30 min.", "name":"Nemėžio sen.", "numberIn":0, "numberOut":1},
{"time":"6:15-30 min.", "name":"Karoliniškių sen.", "numberIn":0, "numberOut":1},
{"time":"6:30-45 min.", "name":"Antakalnio sen.", "numberIn":150, "numberOut":137},
{"time":"6:30-45 min.", "name":"Fabijoniškių sen.", "numberIn":2, "numberOut":1},
{"time":"6:30-45 min.", "name":"Justiniškių sen.", "numberIn":1, "numberOut":0},
{"time":"6:30-45 min.", "name":"Karoliniškių sen.", "numberIn":3, "numberOut":0},
{"time":"6:30-45 min.", "name":"Lazdynų sen.", "numberIn":2, "numberOut":0},
{"time":"6:30-45 min.", "name":"Naujamiesčio sen", "numberIn":11, "numberOut":31},
{"time":"6:30-45 min.", "name":"Naujininkų sen.", "numberIn":2, "numberOut":5},
{"time":"6:30-45 min.", "name":"Naujosios Vilnios sen.", "numberIn":5, "numberOut":2},
{"time":"6:30-45 min.", "name":"Pašilaičių sen.", "numberIn":2, "numberOut":1},
{"time":"6:30-45 min.", "name":"Pilaitės sen.", "numberIn":2, "numberOut":0},
{"time":"6:30-45 min.", "name":"Rasų sen.", "numberIn":22, "numberOut":21},
{"time":"6:30-45 min.", "name":"Riešės sen.", "numberIn":2, "numberOut":0},
{"time":"6:30-45 min.", "name":"Senamiesčio sen.", "numberIn":39, "numberOut":80},
{"time":"6:30-45 min.", "name":"Šeškinės sen.", "numberIn":7, "numberOut":1},
{"time":"6:30-45 min.", "name":"Šnipiškių sen.", "numberIn":237, "numberOut":290},
{"time":"6:30-45 min.", "name":"Verkių sen.", "numberIn":12, "numberOut":5},
{"time":"6:30-45 min.", "name":"Vilkpėdės sen.", "numberIn":3, "numberOut":3},
{"time":"6:30-45 min.", "name":"Viršuliškių sen.", "numberIn":2, "numberOut":1},
{"time":"6:30-45 min.", "name":"Žirmūnų sen.", "numberIn":157, "numberOut":167},
{"time":"6:30-45 min.", "name":"Žvėryno sen.", "numberIn":7, "numberOut":9},
{"time":"6:30-45 min.", "name":"Panerių sen.", "numberIn":0, "numberOut":2},
{"time":"6:45-60 min.", "name":"Antakalnio sen.", "numberIn":141, "numberOut":123},
{"time":"6:45-60 min.", "name":"Avižienių sen.", "numberIn":1, "numberOut":1},
{"time":"6:45-60 min.", "name":"Fabijoniškių sen.", "numberIn":1, "numberOut":0},
{"time":"6:45-60 min.", "name":"Karoliniškių sen.", "numberIn":1, "numberOut":0},
{"time":"6:45-60 min.", "name":"Naujamiesčio sen", "numberIn":8, "numberOut":13},
{"time":"6:45-60 min.", "name":"Naujininkų sen.", "numberIn":3, "numberOut":8},
{"time":"6:45-60 min.", "name":"Naujosios Vilnios sen.", "numberIn":10, "numberOut":2},
{"time":"6:45-60 min.", "name":"Panerių sen.", "numberIn":1, "numberOut":1},
{"time":"6:45-60 min.", "name":"Pašilaičių sen.", "numberIn":4, "numberOut":3},
{"time":"6:45-60 min.", "name":"Rasų sen.", "numberIn":19, "numberOut":20},
{"time":"6:45-60 min.", "name":"Senamiesčio sen.", "numberIn":52, "numberOut":78},
{"time":"6:45-60 min.", "name":"Šeškinės sen.", "numberIn":3, "numberOut":3},
{"time":"6:45-60 min.", "name":"Šnipiškių sen.", "numberIn":195, "numberOut":253},
{"time":"6:45-60 min.", "name":"Verkių sen.", "numberIn":8, "numberOut":10},
{"time":"6:45-60 min.", "name":"Vilkpėdės sen.", "numberIn":4, "numberOut":1},
{"time":"6:45-60 min.", "name":"Viršuliškių sen.", "numberIn":2, "numberOut":1},
{"time":"6:45-60 min.", "name":"Žirmūnų sen.", "numberIn":176, "numberOut":174},
{"time":"6:45-60 min.", "name":"Žvėryno sen.", "numberIn":5, "numberOut":11},
{"time":"6:45-60 min.", "name":"Riešės sen.", "numberIn":0, "numberOut":1},
{"time":"7:0-15 min.", "name":"Antakalnio sen.", "numberIn":143, "numberOut":119},
{"time":"7:0-15 min.", "name":"Fabijoniškių sen.", "numberIn":1, "numberOut":0},
{"time":"7:0-15 min.", "name":"Justiniškių sen.", "numberIn":1, "numberOut":0},
{"time":"7:0-15 min.", "name":"Karoliniškių sen.", "numberIn":1, "numberOut":3},
{"time":"7:0-15 min.", "name":"Lazdynų sen.", "numberIn":2, "numberOut":0},
{"time":"7:0-15 min.", "name":"Naujamiesčio sen", "numberIn":10, "numberOut":14},
{"time":"7:0-15 min.", "name":"Naujininkų sen.", "numberIn":7, "numberOut":13},
{"time":"7:0-15 min.", "name":"Naujosios Vilnios sen.", "numberIn":2, "numberOut":5},
{"time":"7:0-15 min.", "name":"Nemėžio sen.", "numberIn":2, "numberOut":0},
{"time":"7:0-15 min.", "name":"Pašilaičių sen.", "numberIn":3, "numberOut":2},
{"time":"7:0-15 min.", "name":"Pilaitės sen.", "numberIn":2, "numberOut":2},
{"time":"7:0-15 min.", "name":"Rasų sen.", "numberIn":30, "numberOut":16},
{"time":"7:0-15 min.", "name":"Riešės sen.", "numberIn":1, "numberOut":0},
{"time":"7:0-15 min.", "name":"Senamiesčio sen.", "numberIn":57, "numberOut":64},
{"time":"7:0-15 min.", "name":"Šeškinės sen.", "numberIn":4, "numberOut":1},
{"time":"7:0-15 min.", "name":"Šnipiškių sen.", "numberIn":239, "numberOut":263},
{"time":"7:0-15 min.", "name":"Verkių sen.", "numberIn":15, "numberOut":9},
{"time":"7:0-15 min.", "name":"Vilkpėdės sen.", "numberIn":3, "numberOut":4},
{"time":"7:0-15 min.", "name":"Viršuliškių sen.", "numberIn":1, "numberOut":4},
{"time":"7:0-15 min.", "name":"Zujūnų sen.", "numberIn":3, "numberOut":0},
{"time":"7:0-15 min.", "name":"Žirmūnų sen.", "numberIn":143, "numberOut":146},
{"time":"7:0-15 min.", "name":"Žvėryno sen.", "numberIn":8, "numberOut":11},
{"time":"7:0-15 min.", "name":"Maišiagalos sen.", "numberIn":0, "numberOut":1},
{"time":"7:0-15 min.", "name":"Panerių sen.", "numberIn":0, "numberOut":4},
{"time":"7:15-30 min.", "name":"Antakalnio sen.", "numberIn":159, "numberOut":116},
{"time":"7:15-30 min.", "name":"Fabijoniškių sen.", "numberIn":1, "numberOut":2},
{"time":"7:15-30 min.", "name":"Justiniškių sen.", "numberIn":3, "numberOut":2},
{"time":"7:15-30 min.", "name":"Lazdynų sen.", "numberIn":1, "numberOut":0},
{"time":"7:15-30 min.", "name":"Naujamiesčio sen", "numberIn":19, "numberOut":24},
{"time":"7:15-30 min.", "name":"Naujininkų sen.", "numberIn":6, "numberOut":4},
{"time":"7:15-30 min.", "name":"Naujosios Vilnios sen.", "numberIn":8, "numberOut":3},
{"time":"7:15-30 min.", "name":"Panerių sen.", "numberIn":2, "numberOut":2},
{"time":"7:15-30 min.", "name":"Pašilaičių sen.", "numberIn":4, "numberOut":3},
{"time":"7:15-30 min.", "name":"Pilaitės sen.", "numberIn":2, "numberOut":1},
{"time":"7:15-30 min.", "name":"Rasų sen.", "numberIn":18, "numberOut":22},
{"time":"7:15-30 min.", "name":"Riešės sen.", "numberIn":1, "numberOut":0},
{"time":"7:15-30 min.", "name":"Senamiesčio sen.", "numberIn":54, "numberOut":83},
{"time":"7:15-30 min.", "name":"Šeškinės sen.", "numberIn":4, "numberOut":4},
{"time":"7:15-30 min.", "name":"Šnipiškių sen.", "numberIn":221, "numberOut":256},
{"time":"7:15-30 min.", "name":"Verkių sen.", "numberIn":11, "numberOut":1},
{"time":"7:15-30 min.", "name":"Vilkpėdės sen.", "numberIn":4, "numberOut":1},
{"time":"7:15-30 min.", "name":"Zujūnų sen.", "numberIn":2, "numberOut":0},
{"time":"7:15-30 min.", "name":"Žirmūnų sen.", "numberIn":136, "numberOut":119},
{"time":"7:15-30 min.", "name":"Žvėryno sen.", "numberIn":8, "numberOut":4},
{"time":"7:15-30 min.", "name":"Avižienių sen.", "numberIn":0, "numberOut":2},
{"time":"7:15-30 min.", "name":"Karoliniškių sen.", "numberIn":0, "numberOut":4},
{"time":"7:15-30 min.", "name":"Viršuliškių sen.", "numberIn":0, "numberOut":3},
{"time":"7:30-45 min.", "name":"Antakalnio sen.", "numberIn":146, "numberOut":144},
{"time":"7:30-45 min.", "name":"Avižienių sen.", "numberIn":2, "numberOut":1},
{"time":"7:30-45 min.", "name":"Fabijoniškių sen.", "numberIn":3, "numberOut":3},
{"time":"7:30-45 min.", "name":"Justiniškių sen.", "numberIn":1, "numberOut":1},
{"time":"7:30-45 min.", "name":"Karoliniškių sen.", "numberIn":1, "numberOut":1},
{"time":"7:30-45 min.", "name":"Lazdynų sen.", "numberIn":1, "numberOut":1},
{"time":"7:30-45 min.", "name":"Naujamiesčio sen", "numberIn":16, "numberOut":18},
{"time":"7:30-45 min.", "name":"Naujininkų sen.", "numberIn":5, "numberOut":4},
{"time":"7:30-45 min.", "name":"Naujosios Vilnios sen.", "numberIn":2, "numberOut":7},
{"time":"7:30-45 min.", "name":"Panerių sen.", "numberIn":2, "numberOut":2},
{"time":"7:30-45 min.", "name":"Pašilaičių sen.", "numberIn":2, "numberOut":5},
{"time":"7:30-45 min.", "name":"Pilaitės sen.", "numberIn":1, "numberOut":1},
{"time":"7:30-45 min.", "name":"Rasų sen.", "numberIn":33, "numberOut":32},
{"time":"7:30-45 min.", "name":"Senamiesčio sen.", "numberIn":54, "numberOut":73},
{"time":"7:30-45 min.", "name":"Šeškinės sen.", "numberIn":7, "numberOut":11},
{"time":"7:30-45 min.", "name":"Šnipiškių sen.", "numberIn":253, "numberOut":279},
{"time":"7:30-45 min.", "name":"Verkių sen.", "numberIn":16, "numberOut":11},
{"time":"7:30-45 min.", "name":"Vilkpėdės sen.", "numberIn":6, "numberOut":2},
{"time":"7:30-45 min.", "name":"Viršuliškių sen.", "numberIn":2, "numberOut":2},
{"time":"7:30-45 min.", "name":"Žirmūnų sen.", "numberIn":161, "numberOut":176},
{"time":"7:30-45 min.", "name":"Žvėryno sen.", "numberIn":9, "numberOut":9},
{"time":"7:30-45 min.", "name":"Nemėžio sen.", "numberIn":0, "numberOut":1},
{"time":"7:30-45 min.", "name":"Riešės sen.", "numberIn":0, "numberOut":1},
{"time":"7:45-60 min.", "name":"Antakalnio sen.", "numberIn":126, "numberOut":159},
{"time":"7:45-60 min.", "name":"Avižienių sen.", "numberIn":1, "numberOut":3},
{"time":"7:45-60 min.", "name":"Fabijoniškių sen.", "numberIn":4, "numberOut":7},
{"time":"7:45-60 min.", "name":"Justiniškių sen.", "numberIn":3, "numberOut":6},
{"time":"7:45-60 min.", "name":"Karoliniškių sen.", "numberIn":2, "numberOut":4},
{"time":"7:45-60 min.", "name":"Lazdynų sen.", "numberIn":7, "numberOut":8},
{"time":"7:45-60 min.", "name":"Maišiagalos sen.", "numberIn":1, "numberOut":0},
{"time":"7:45-60 min.", "name":"Naujamiesčio sen", "numberIn":45, "numberOut":46},
{"time":"7:45-60 min.", "name":"Naujininkų sen.", "numberIn":20, "numberOut":18},
{"time":"7:45-60 min.", "name":"Naujosios Vilnios sen.", "numberIn":21, "numberOut":21},
{"time":"7:45-60 min.", "name":"Panerių sen.", "numberIn":7, "numberOut":9},
{"time":"7:45-60 min.", "name":"Pašilaičių sen.", "numberIn":9, "numberOut":9},
{"time":"7:45-60 min.", "name":"Pilaitės sen.", "numberIn":4, "numberOut":3},
{"time":"7:45-60 min.", "name":"Rasų sen.", "numberIn":30, "numberOut":34},
{"time":"7:45-60 min.", "name":"Riešės sen.", "numberIn":1, "numberOut":3},
{"time":"7:45-60 min.", "name":"Senamiesčio sen.", "numberIn":72, "numberOut":91},
{"time":"7:45-60 min.", "name":"Šeškinės sen.", "numberIn":17, "numberOut":14},
{"time":"7:45-60 min.", "name":"Šnipiškių sen.", "numberIn":271, "numberOut":250},
{"time":"7:45-60 min.", "name":"Verkių sen.", "numberIn":32, "numberOut":38},
{"time":"7:45-60 min.", "name":"Vilkpėdės sen.", "numberIn":18, "numberOut":13},
{"time":"7:45-60 min.", "name":"Viršuliškių sen.", "numberIn":9, "numberOut":9},
{"time":"7:45-60 min.", "name":"Zujūnų sen.", "numberIn":2, "numberOut":1},
{"time":"7:45-60 min.", "name":"Žirmūnų sen.", "numberIn":165, "numberOut":166},
{"time":"7:45-60 min.", "name":"Žvėryno sen.", "numberIn":20, "numberOut":18},
{"time":"7:45-60 min.", "name":"Nemėžio sen.", "numberIn":0, "numberOut":1},
{"time":"7:45-60 min.", "name":"Rudaminos sen.", "numberIn":0, "numberOut":1},
{"time":"7:45-60 min.", "name":"Grigiškių sen.", "numberIn":0, "numberOut":2},
{"time":"14:0-15 min.", "name":"Antakalnio sen.", "numberIn":169, "numberOut":196},
{"time":"14:0-15 min.", "name":"Lazdynų sen.", "numberIn":1, "numberOut":1},
{"time":"14:0-15 min.", "name":"Naujamiesčio sen", "numberIn":22, "numberOut":12},
{"time":"14:0-15 min.", "name":"Naujininkų sen.", "numberIn":9, "numberOut":7},
{"time":"14:0-15 min.", "name":"Naujosios Vilnios sen.", "numberIn":6, "numberOut":7},
{"time":"14:0-15 min.", "name":"Nemėžio sen.", "numberIn":1, "numberOut":0},
{"time":"14:0-15 min.", "name":"Panerių sen.", "numberIn":3, "numberOut":1},
{"time":"14:0-15 min.", "name":"Pašilaičių sen.", "numberIn":1, "numberOut":0},
{"time":"14:0-15 min.", "name":"Rasų sen.", "numberIn":19, "numberOut":32},
{"time":"14:0-15 min.", "name":"Rudaminos sen.", "numberIn":1, "numberOut":0},
{"time":"14:0-15 min.", "name":"Senamiesčio sen.", "numberIn":71, "numberOut":54},
{"time":"14:0-15 min.", "name":"Šeškinės sen.", "numberIn":5, "numberOut":8},
{"time":"14:0-15 min.", "name":"Šnipiškių sen.", "numberIn":276, "numberOut":286},
{"time":"14:0-15 min.", "name":"Verkių sen.", "numberIn":8, "numberOut":8},
{"time":"14:0-15 min.", "name":"Vilkpėdės sen.", "numberIn":6, "numberOut":5},
{"time":"14:0-15 min.", "name":"Viršuliškių sen.", "numberIn":2, "numberOut":2},
{"time":"14:0-15 min.", "name":"Zujūnų sen.", "numberIn":1, "numberOut":0},
{"time":"14:0-15 min.", "name":"Žirmūnų sen.", "numberIn":194, "numberOut":189},
{"time":"14:0-15 min.", "name":"Žvėryno sen.", "numberIn":6, "numberOut":7},
{"time":"14:0-15 min.", "name":"Juodšilių sen.", "numberIn":0, "numberOut":1},
{"time":"14:0-15 min.", "name":"Justiniškių sen.", "numberIn":0, "numberOut":3},
{"time":"14:0-15 min.", "name":"Karoliniškių sen.", "numberIn":0, "numberOut":1},
{"time":"14:0-15 min.", "name":"Fabijoniškių sen.", "numberIn":0, "numberOut":2},
{"time":"14:0-15 min.", "name":"Pilaitės sen.", "numberIn":0, "numberOut":1},
{"time":"14:15-30 min.", "name":"Antakalnio sen.", "numberIn":172, "numberOut":167},
{"time":"14:15-30 min.", "name":"Karoliniškių sen.", "numberIn":3, "numberOut":2},
{"time":"14:15-30 min.", "name":"Lazdynų sen.", "numberIn":2, "numberOut":0},
{"time":"14:15-30 min.", "name":"Naujamiesčio sen", "numberIn":32, "numberOut":13},
{"time":"14:15-30 min.", "name":"Naujininkų sen.", "numberIn":12, "numberOut":7},
{"time":"14:15-30 min.", "name":"Naujosios Vilnios sen.", "numberIn":7, "numberOut":12},
{"time":"14:15-30 min.", "name":"Nemėžio sen.", "numberIn":1, "numberOut":0},
{"time":"14:15-30 min.", "name":"Panerių sen.", "numberIn":1, "numberOut":0},
{"time":"14:15-30 min.", "name":"Rasų sen.", "numberIn":40, "numberOut":28},
{"time":"14:15-30 min.", "name":"Senamiesčio sen.", "numberIn":83, "numberOut":50},
{"time":"14:15-30 min.", "name":"Šeškinės sen.", "numberIn":1, "numberOut":4},
{"time":"14:15-30 min.", "name":"Šnipiškių sen.", "numberIn":248, "numberOut":274},
{"time":"14:15-30 min.", "name":"Verkių sen.", "numberIn":4, "numberOut":9},
{"time":"14:15-30 min.", "name":"Vilkpėdės sen.", "numberIn":4, "numberOut":1},
{"time":"14:15-30 min.", "name":"Žirmūnų sen.", "numberIn":191, "numberOut":194},
{"time":"14:15-30 min.", "name":"Žvėryno sen.", "numberIn":11, "numberOut":13},
{"time":"14:15-30 min.", "name":"Riešės sen.", "numberIn":0, "numberOut":2},
{"time":"14:15-30 min.", "name":"Justiniškių sen.", "numberIn":0, "numberOut":1},
{"time":"14:15-30 min.", "name":"Fabijoniškių sen.", "numberIn":0, "numberOut":1},
{"time":"14:15-30 min.", "name":"Rudaminos sen.", "numberIn":0, "numberOut":1},
{"time":"14:15-30 min.", "name":"Avižienių sen.", "numberIn":0, "numberOut":1},
{"time":"14:15-30 min.", "name":"Pašilaičių sen.", "numberIn":0, "numberOut":1},
{"time":"14:15-30 min.", "name":"Viršuliškių sen.", "numberIn":0, "numberOut":2},
{"time":"14:30-45 min.", "name":"Antakalnio sen.", "numberIn":156, "numberOut":166},
{"time":"14:30-45 min.", "name":"Fabijoniškių sen.", "numberIn":4, "numberOut":2},
{"time":"14:30-45 min.", "name":"Justiniškių sen.", "numberIn":1, "numberOut":0},
{"time":"14:30-45 min.", "name":"Naujamiesčio sen", "numberIn":21, "numberOut":9},
{"time":"14:30-45 min.", "name":"Naujininkų sen.", "numberIn":9, "numberOut":3},
{"time":"14:30-45 min.", "name":"Naujosios Vilnios sen.", "numberIn":3, "numberOut":2},
{"time":"14:30-45 min.", "name":"Panerių sen.", "numberIn":1, "numberOut":1},
{"time":"14:30-45 min.", "name":"Pašilaičių sen.", "numberIn":2, "numberOut":3},
{"time":"14:30-45 min.", "name":"Pilaitės sen.", "numberIn":1, "numberOut":0},
{"time":"14:30-45 min.", "name":"Rasų sen.", "numberIn":42, "numberOut":28},
{"time":"14:30-45 min.", "name":"Riešės sen.", "numberIn":1, "numberOut":1},
{"time":"14:30-45 min.", "name":"Senamiesčio sen.", "numberIn":76, "numberOut":76},
{"time":"14:30-45 min.", "name":"Šeškinės sen.", "numberIn":9, "numberOut":9},
{"time":"14:30-45 min.", "name":"Šnipiškių sen.", "numberIn":289, "numberOut":300},
{"time":"14:30-45 min.", "name":"Verkių sen.", "numberIn":10, "numberOut":6},
{"time":"14:30-45 min.", "name":"Vilkpėdės sen.", "numberIn":6, "numberOut":2},
{"time":"14:30-45 min.", "name":"Žirmūnų sen.", "numberIn":205, "numberOut":205},
{"time":"14:30-45 min.", "name":"Žvėryno sen.", "numberIn":4, "numberOut":2},
{"time":"14:30-45 min.", "name":"Karoliniškių sen.", "numberIn":0, "numberOut":7},
{"time":"14:30-45 min.", "name":"Avižienių sen.", "numberIn":0, "numberOut":1},
{"time":"14:30-45 min.", "name":"Viršuliškių sen.", "numberIn":0, "numberOut":3},
{"time":"14:45-60 min.", "name":"Antakalnio sen.", "numberIn":165, "numberOut":189},
{"time":"14:45-60 min.", "name":"Fabijoniškių sen.", "numberIn":4, "numberOut":1},
{"time":"14:45-60 min.", "name":"Karoliniškių sen.", "numberIn":2, "numberOut":1},
{"time":"14:45-60 min.", "name":"Naujamiesčio sen", "numberIn":18, "numberOut":13},
{"time":"14:45-60 min.", "name":"Naujininkų sen.", "numberIn":5, "numberOut":3},
{"time":"14:45-60 min.", "name":"Naujosios Vilnios sen.", "numberIn":4, "numberOut":15},
{"time":"14:45-60 min.", "name":"Pašilaičių sen.", "numberIn":2, "numberOut":5},
{"time":"14:45-60 min.", "name":"Rasų sen.", "numberIn":35, "numberOut":37},
{"time":"14:45-60 min.", "name":"Riešės sen.", "numberIn":1, "numberOut":1},
{"time":"14:45-60 min.", "name":"Senamiesčio sen.", "numberIn":95, "numberOut":82},
{"time":"14:45-60 min.", "name":"Šeškinės sen.", "numberIn":6, "numberOut":3},
{"time":"14:45-60 min.", "name":"Šnipiškių sen.", "numberIn":346, "numberOut":355},
{"time":"14:45-60 min.", "name":"Verkių sen.", "numberIn":7, "numberOut":5},
{"time":"14:45-60 min.", "name":"Vilkpėdės sen.", "numberIn":5, "numberOut":0},
{"time":"14:45-60 min.", "name":"Viršuliškių sen.", "numberIn":3, "numberOut":0},
{"time":"14:45-60 min.", "name":"Žirmūnų sen.", "numberIn":194, "numberOut":191},
{"time":"14:45-60 min.", "name":"Žvėryno sen.", "numberIn":5, "numberOut":11},
{"time":"14:45-60 min.", "name":"Pilaitės sen.", "numberIn":0, "numberOut":1},
{"time":"14:45-60 min.", "name":"Rudaminos sen.", "numberIn":0, "numberOut":1},
{"time":"14:45-60 min.", "name":"Zujūnų sen.", "numberIn":0, "numberOut":1},
{"time":"14:45-60 min.", "name":"Lazdynų sen.", "numberIn":0, "numberOut":1},
{"time":"14:45-60 min.", "name":"Panerių sen.", "numberIn":0, "numberOut":1},
{"time":"15:0-15 min.", "name":"Antakalnio sen.", "numberIn":189, "numberOut":188},
{"time":"15:0-15 min.", "name":"Avižienių sen.", "numberIn":1, "numberOut":1},
{"time":"15:0-15 min.", "name":"Karoliniškių sen.", "numberIn":2, "numberOut":1},
{"time":"15:0-15 min.", "name":"Naujamiesčio sen", "numberIn":20, "numberOut":11},
{"time":"15:0-15 min.", "name":"Naujininkų sen.", "numberIn":3, "numberOut":5},
{"time":"15:0-15 min.", "name":"Naujosios Vilnios sen.", "numberIn":10, "numberOut":9},
{"time":"15:0-15 min.", "name":"Pašilaičių sen.", "numberIn":1, "numberOut":3},
{"time":"15:0-15 min.", "name":"Rasų sen.", "numberIn":38, "numberOut":53},
{"time":"15:0-15 min.", "name":"Riešės sen.", "numberIn":1, "numberOut":0},
{"time":"15:0-15 min.", "name":"Senamiesčio sen.", "numberIn":99, "numberOut":61},
{"time":"15:0-15 min.", "name":"Šeškinės sen.", "numberIn":9, "numberOut":4},
{"time":"15:0-15 min.", "name":"Šnipiškių sen.", "numberIn":318, "numberOut":338},
{"time":"15:0-15 min.", "name":"Verkių sen.", "numberIn":8, "numberOut":5},
{"time":"15:0-15 min.", "name":"Vilkpėdės sen.", "numberIn":2, "numberOut":2},
{"time":"15:0-15 min.", "name":"Viršuliškių sen.", "numberIn":2, "numberOut":3},
{"time":"15:0-15 min.", "name":"Žirmūnų sen.", "numberIn":256, "numberOut":233},
{"time":"15:0-15 min.", "name":"Žvėryno sen.", "numberIn":12, "numberOut":13},
{"time":"15:0-15 min.", "name":"Pilaitės sen.", "numberIn":0, "numberOut":2},
{"time":"15:0-15 min.", "name":"Nemėžio sen.", "numberIn":0, "numberOut":1},
{"time":"15:0-15 min.", "name":"Lazdynų sen.", "numberIn":0, "numberOut":2},
{"time":"15:0-15 min.", "name":"Fabijoniškių sen.", "numberIn":0, "numberOut":2},
{"time":"15:15-30 min.", "name":"Antakalnio sen.", "numberIn":170, "numberOut":180},
{"time":"15:15-30 min.", "name":"Fabijoniškių sen.", "numberIn":2, "numberOut":1},
{"time":"15:15-30 min.", "name":"Grigiškių sen.", "numberIn":1, "numberOut":1},
{"time":"15:15-30 min.", "name":"Karoliniškių sen.", "numberIn":2, "numberOut":0},
{"time":"15:15-30 min.", "name":"Naujamiesčio sen", "numberIn":20, "numberOut":14},
{"time":"15:15-30 min.", "name":"Naujininkų sen.", "numberIn":8, "numberOut":3},
{"time":"15:15-30 min.", "name":"Naujosios Vilnios sen.", "numberIn":5, "numberOut":13},
{"time":"15:15-30 min.", "name":"Pašilaičių sen.", "numberIn":1, "numberOut":2},
{"time":"15:15-30 min.", "name":"Rasų sen.", "numberIn":39, "numberOut":36},
{"time":"15:15-30 min.", "name":"Senamiesčio sen.", "numberIn":94, "numberOut":58},
{"time":"15:15-30 min.", "name":"Šeškinės sen.", "numberIn":7, "numberOut":7},
{"time":"15:15-30 min.", "name":"Šnipiškių sen.", "numberIn":409, "numberOut":395},
{"time":"15:15-30 min.", "name":"Verkių sen.", "numberIn":7, "numberOut":7},
{"time":"15:15-30 min.", "name":"Vilkpėdės sen.", "numberIn":2, "numberOut":2},
{"time":"15:15-30 min.", "name":"Viršuliškių sen.", "numberIn":2, "numberOut":2},
{"time":"15:15-30 min.", "name":"Žirmūnų sen.", "numberIn":267, "numberOut":240},
{"time":"15:15-30 min.", "name":"Žvėryno sen.", "numberIn":14, "numberOut":6},
{"time":"15:15-30 min.", "name":"Lazdynų sen.", "numberIn":0, "numberOut":2},
{"time":"15:15-30 min.", "name":"Justiniškių sen.", "numberIn":0, "numberOut":1},
{"time":"15:15-30 min.", "name":"Nemėžio sen.", "numberIn":0, "numberOut":1},
{"time":"15:30-45 min.", "name":"Antakalnio sen.", "numberIn":169, "numberOut":211},
{"time":"15:30-45 min.", "name":"Avižienių sen.", "numberIn":1, "numberOut":0},
{"time":"15:30-45 min.", "name":"Fabijoniškių sen.", "numberIn":2, "numberOut":4},
{"time":"15:30-45 min.", "name":"Karoliniškių sen.", "numberIn":1, "numberOut":1},
{"time":"15:30-45 min.", "name":"Naujamiesčio sen", "numberIn":16, "numberOut":11},
{"time":"15:30-45 min.", "name":"Naujosios Vilnios sen.", "numberIn":4, "numberOut":9},
{"time":"15:30-45 min.", "name":"Nemėžio sen.", "numberIn":1, "numberOut":1},
{"time":"15:30-45 min.", "name":"Panerių sen.", "numberIn":1, "numberOut":0},
{"time":"15:30-45 min.", "name":"Pašilaičių sen.", "numberIn":2, "numberOut":1},
{"time":"15:30-45 min.", "name":"Pilaitės sen.", "numberIn":1, "numberOut":0},
{"time":"15:30-45 min.", "name":"Rasų sen.", "numberIn":43, "numberOut":32},
{"time":"15:30-45 min.", "name":"Senamiesčio sen.", "numberIn":89, "numberOut":59},
{"time":"15:30-45 min.", "name":"Šeškinės sen.", "numberIn":6, "numberOut":4},
{"time":"15:30-45 min.", "name":"Šnipiškių sen.", "numberIn":422, "numberOut":417},
{"time":"15:30-45 min.", "name":"Verkių sen.", "numberIn":5, "numberOut":5},
{"time":"15:30-45 min.", "name":"Vilkpėdės sen.", "numberIn":2, "numberOut":4},
{"time":"15:30-45 min.", "name":"Viršuliškių sen.", "numberIn":3, "numberOut":3},
{"time":"15:30-45 min.", "name":"Žirmūnų sen.", "numberIn":229, "numberOut":248},
{"time":"15:30-45 min.", "name":"Žvėryno sen.", "numberIn":11, "numberOut":7},
{"time":"15:30-45 min.", "name":"Naujininkų sen.", "numberIn":0, "numberOut":5},
{"time":"15:30-45 min.", "name":"Rudaminos sen.", "numberIn":0, "numberOut":1},
{"time":"15:30-45 min.", "name":"Riešės sen.", "numberIn":0, "numberOut":1},
{"time":"15:45-60 min.", "name":"Antakalnio sen.", "numberIn":146, "numberOut":207},
{"time":"15:45-60 min.", "name":"Fabijoniškių sen.", "numberIn":1, "numberOut":4},
{"time":"15:45-60 min.", "name":"Karoliniškių sen.", "numberIn":1, "numberOut":1},
{"time":"15:45-60 min.", "name":"Lazdynų sen.", "numberIn":1, "numberOut":0},
{"time":"15:45-60 min.", "name":"Naujamiesčio sen", "numberIn":15, "numberOut":10},
{"time":"15:45-60 min.", "name":"Naujininkų sen.", "numberIn":4, "numberOut":4},
{"time":"15:45-60 min.", "name":"Naujosios Vilnios sen.", "numberIn":2, "numberOut":6},
{"time":"15:45-60 min.", "name":"Pašilaičių sen.", "numberIn":2, "numberOut":3},
{"time":"15:45-60 min.", "name":"Pilaitės sen.", "numberIn":1, "numberOut":1},
{"time":"15:45-60 min.", "name":"Rasų sen.", "numberIn":26, "numberOut":37},
{"time":"15:45-60 min.", "name":"Senamiesčio sen.", "numberIn":65, "numberOut":62},
{"time":"15:45-60 min.", "name":"Šeškinės sen.", "numberIn":5, "numberOut":0},
{"time":"15:45-60 min.", "name":"Šnipiškių sen.", "numberIn":357, "numberOut":328},
{"time":"15:45-60 min.", "name":"Verkių sen.", "numberIn":4, "numberOut":11},
{"time":"15:45-60 min.", "name":"Vilkpėdės sen.", "numberIn":2, "numberOut":2},
{"time":"15:45-60 min.", "name":"Viršuliškių sen.", "numberIn":2, "numberOut":0},
{"time":"15:45-60 min.", "name":"Žirmūnų sen.", "numberIn":236, "numberOut":220},
{"time":"15:45-60 min.", "name":"Žvėryno sen.", "numberIn":13, "numberOut":7},
{"time":"15:45-60 min.", "name":"Justiniškių sen.", "numberIn":0, "numberOut":1},
{"time":"16:0-15 min.", "name":"Antakalnio sen.", "numberIn":163, "numberOut":185},
{"time":"16:0-15 min.", "name":"Fabijoniškių sen.", "numberIn":2, "numberOut":1},
{"time":"16:0-15 min.", "name":"Grigiškių sen.", "numberIn":1, "numberOut":1},
{"time":"16:0-15 min.", "name":"Justiniškių sen.", "numberIn":1, "numberOut":2},
{"time":"16:0-15 min.", "name":"Lazdynų sen.", "numberIn":1, "numberOut":0},
{"time":"16:0-15 min.", "name":"Naujamiesčio sen", "numberIn":22, "numberOut":15},
{"time":"16:0-15 min.", "name":"Naujininkų sen.", "numberIn":9, "numberOut":4},
{"time":"16:0-15 min.", "name":"Naujosios Vilnios sen.", "numberIn":2, "numberOut":9},
{"time":"16:0-15 min.", "name":"Pašilaičių sen.", "numberIn":1, "numberOut":3},
{"time":"16:0-15 min.", "name":"Pilaitės sen.", "numberIn":1, "numberOut":0},
{"time":"16:0-15 min.", "name":"Rasų sen.", "numberIn":40, "numberOut":33},
{"time":"16:0-15 min.", "name":"Riešės sen.", "numberIn":1, "numberOut":1},
{"time":"16:0-15 min.", "name":"Senamiesčio sen.", "numberIn":65, "numberOut":49},
{"time":"16:0-15 min.", "name":"Šeškinės sen.", "numberIn":2, "numberOut":8},
{"time":"16:0-15 min.", "name":"Šnipiškių sen.", "numberIn":316, "numberOut":276},
{"time":"16:0-15 min.", "name":"Verkių sen.", "numberIn":9, "numberOut":9},
{"time":"16:0-15 min.", "name":"Vilkpėdės sen.", "numberIn":2, "numberOut":1},
{"time":"16:0-15 min.", "name":"Viršuliškių sen.", "numberIn":1, "numberOut":1},
{"time":"16:0-15 min.", "name":"Žirmūnų sen.", "numberIn":195, "numberOut":201},
{"time":"16:0-15 min.", "name":"Žvėryno sen.", "numberIn":8, "numberOut":8},
{"time":"16:0-15 min.", "name":"Karoliniškių sen.", "numberIn":0, "numberOut":2},
{"time":"16:0-15 min.", "name":"Panerių sen.", "numberIn":0, "numberOut":1},
{"time":"16:15-30 min.", "name":"Antakalnio sen.", "numberIn":138, "numberOut":147},
{"time":"16:15-30 min.", "name":"Karoliniškių sen.", "numberIn":1, "numberOut":1},
{"time":"16:15-30 min.", "name":"Lazdynų sen.", "numberIn":1, "numberOut":0},
{"time":"16:15-30 min.", "name":"Naujamiesčio sen", "numberIn":14, "numberOut":8},
{"time":"16:15-30 min.", "name":"Naujininkų sen.", "numberIn":3, "numberOut":8},
{"time":"16:15-30 min.", "name":"Naujosios Vilnios sen.", "numberIn":8, "numberOut":7},
{"time":"16:15-30 min.", "name":"Pašilaičių sen.", "numberIn":2, "numberOut":4},
{"time":"16:15-30 min.", "name":"Rasų sen.", "numberIn":36, "numberOut":29},
{"time":"16:15-30 min.", "name":"Riešės sen.", "numberIn":1, "numberOut":0},
{"time":"16:15-30 min.", "name":"Senamiesčio sen.", "numberIn":81, "numberOut":77},
{"time":"16:15-30 min.", "name":"Šeškinės sen.", "numberIn":3, "numberOut":4},
{"time":"16:15-30 min.", "name":"Šnipiškių sen.", "numberIn":271, "numberOut":272},
{"time":"16:15-30 min.", "name":"Verkių sen.", "numberIn":3, "numberOut":8},
{"time":"16:15-30 min.", "name":"Vilkpėdės sen.", "numberIn":1, "numberOut":1},
{"time":"16:15-30 min.", "name":"Viršuliškių sen.", "numberIn":2, "numberOut":2},
{"time":"16:15-30 min.", "name":"Zujūnų sen.", "numberIn":1, "numberOut":0},
{"time":"16:15-30 min.", "name":"Žirmūnų sen.", "numberIn":214, "numberOut":217},
{"time":"16:15-30 min.", "name":"Žvėryno sen.", "numberIn":8, "numberOut":6},
{"time":"16:15-30 min.", "name":"Pilaitės sen.", "numberIn":0, "numberOut":1},
{"time":"16:15-30 min.", "name":"Fabijoniškių sen.", "numberIn":0, "numberOut":4},
{"time":"16:30-45 min.", "name":"Antakalnio sen.", "numberIn":145, "numberOut":203},
{"time":"16:30-45 min.", "name":"Fabijoniškių sen.", "numberIn":1, "numberOut":1},
{"time":"16:30-45 min.", "name":"Justiniškių sen.", "numberIn":2, "numberOut":0},
{"time":"16:30-45 min.", "name":"Lazdynų sen.", "numberIn":1, "numberOut":0},
{"time":"16:30-45 min.", "name":"Naujamiesčio sen", "numberIn":14, "numberOut":6},
{"time":"16:30-45 min.", "name":"Naujininkų sen.", "numberIn":7, "numberOut":4},
{"time":"16:30-45 min.", "name":"Naujosios Vilnios sen.", "numberIn":2, "numberOut":6},
{"time":"16:30-45 min.", "name":"Nemėžio sen.", "numberIn":1, "numberOut":0},
{"time":"16:30-45 min.", "name":"Rasų sen.", "numberIn":38, "numberOut":37},
{"time":"16:30-45 min.", "name":"Senamiesčio sen.", "numberIn":82, "numberOut":59},
{"time":"16:30-45 min.", "name":"Šeškinės sen.", "numberIn":3, "numberOut":4},
{"time":"16:30-45 min.", "name":"Šnipiškių sen.", "numberIn":252, "numberOut":226},
{"time":"16:30-45 min.", "name":"Verkių sen.", "numberIn":6, "numberOut":8},
{"time":"16:30-45 min.", "name":"Vilkpėdės sen.", "numberIn":2, "numberOut":0},
{"time":"16:30-45 min.", "name":"Viršuliškių sen.", "numberIn":1, "numberOut":2},
{"time":"16:30-45 min.", "name":"Žirmūnų sen.", "numberIn":186, "numberOut":206},
{"time":"16:30-45 min.", "name":"Žvėryno sen.", "numberIn":7, "numberOut":12},
{"time":"16:30-45 min.", "name":"Karoliniškių sen.", "numberIn":0, "numberOut":2},
{"time":"16:45-60 min.", "name":"Antakalnio sen.", "numberIn":162, "numberOut":166},
{"time":"16:45-60 min.", "name":"Justiniškių sen.", "numberIn":2, "numberOut":0},
{"time":"16:45-60 min.", "name":"Naujamiesčio sen", "numberIn":7, "numberOut":4},
{"time":"16:45-60 min.", "name":"Naujininkų sen.", "numberIn":3, "numberOut":3},
{"time":"16:45-60 min.", "name":"Naujosios Vilnios sen.", "numberIn":4, "numberOut":9},
{"time":"16:45-60 min.", "name":"Panerių sen.", "numberIn":1, "numberOut":1},
{"time":"16:45-60 min.", "name":"Pašilaičių sen.", "numberIn":1, "numberOut":2},
{"time":"16:45-60 min.", "name":"Pilaitės sen.", "numberIn":1, "numberOut":1},
{"time":"16:45-60 min.", "name":"Rasų sen.", "numberIn":27, "numberOut":31},
{"time":"16:45-60 min.", "name":"Senamiesčio sen.", "numberIn":66, "numberOut":50},
{"time":"16:45-60 min.", "name":"Šeškinės sen.", "numberIn":3, "numberOut":2},
{"time":"16:45-60 min.", "name":"Šnipiškių sen.", "numberIn":248, "numberOut":245},
{"time":"16:45-60 min.", "name":"Verkių sen.", "numberIn":6, "numberOut":6},
{"time":"16:45-60 min.", "name":"Vilkpėdės sen.", "numberIn":1, "numberOut":1},
{"time":"16:45-60 min.", "name":"Viršuliškių sen.", "numberIn":1, "numberOut":1},
{"time":"16:45-60 min.", "name":"Zujūnų sen.", "numberIn":1, "numberOut":0},
{"time":"16:45-60 min.", "name":"Žirmūnų sen.", "numberIn":164, "numberOut":186},
{"time":"16:45-60 min.", "name":"Žvėryno sen.", "numberIn":3, "numberOut":4},
{"time":"16:45-60 min.", "name":"Karoliniškių sen.", "numberIn":0, "numberOut":1},
{"time":"16:45-60 min.", "name":"Lazdynų sen.", "numberIn":0, "numberOut":1},
{"time":"17:0-15 min.", "name":"Antakalnio sen.", "numberIn":135, "numberOut":168},
{"time":"17:0-15 min.", "name":"Avižienių sen.", "numberIn":1, "numberOut":0},
{"time":"17:0-15 min.", "name":"Fabijoniškių sen.", "numberIn":2, "numberOut":1},
{"time":"17:0-15 min.", "name":"Karoliniškių sen.", "numberIn":1, "numberOut":2},
{"time":"17:0-15 min.", "name":"Lazdynų sen.", "numberIn":1, "numberOut":0},
{"time":"17:0-15 min.", "name":"Naujamiesčio sen", "numberIn":10, "numberOut":12},
{"time":"17:0-15 min.", "name":"Naujininkų sen.", "numberIn":7, "numberOut":4},
{"time":"17:0-15 min.", "name":"Naujosios Vilnios sen.", "numberIn":2, "numberOut":4},
{"time":"17:0-15 min.", "name":"Panerių sen.", "numberIn":1, "numberOut":0},
{"time":"17:0-15 min.", "name":"Pašilaičių sen.", "numberIn":2, "numberOut":1},
{"time":"17:0-15 min.", "name":"Rasų sen.", "numberIn":25, "numberOut":24},
{"time":"17:0-15 min.", "name":"Senamiesčio sen.", "numberIn":65, "numberOut":49},
{"time":"17:0-15 min.", "name":"Šnipiškių sen.", "numberIn":236, "numberOut":235},
{"time":"17:0-15 min.", "name":"Verkių sen.", "numberIn":2, "numberOut":5},
{"time":"17:0-15 min.", "name":"Vilkpėdės sen.", "numberIn":3, "numberOut":2},
{"time":"17:0-15 min.", "name":"Viršuliškių sen.", "numberIn":5, "numberOut":4},
{"time":"17:0-15 min.", "name":"Žirmūnų sen.", "numberIn":182, "numberOut":185},
{"time":"17:0-15 min.", "name":"Žvėryno sen.", "numberIn":4, "numberOut":4},
{"time":"17:0-15 min.", "name":"Pilaitės sen.", "numberIn":0, "numberOut":1},
{"time":"17:15-30 min.", "name":"Antakalnio sen.", "numberIn":158, "numberOut":150},
{"time":"17:15-30 min.", "name":"Karoliniškių sen.", "numberIn":1, "numberOut":2},
{"time":"17:15-30 min.", "name":"Naujamiesčio sen", "numberIn":8, "numberOut":4},
{"time":"17:15-30 min.", "name":"Naujininkų sen.", "numberIn":4, "numberOut":2},
{"time":"17:15-30 min.", "name":"Naujosios Vilnios sen.", "numberIn":4, "numberOut":4},
{"time":"17:15-30 min.", "name":"Rasų sen.", "numberIn":13, "numberOut":20},
{"time":"17:15-30 min.", "name":"Senamiesčio sen.", "numberIn":45, "numberOut":37},
{"time":"17:15-30 min.", "name":"Šeškinės sen.", "numberIn":1, "numberOut":4},
{"time":"17:15-30 min.", "name":"Šnipiškių sen.", "numberIn":192, "numberOut":211},
{"time":"17:15-30 min.", "name":"Verkių sen.", "numberIn":4, "numberOut":3},
{"time":"17:15-30 min.", "name":"Žirmūnų sen.", "numberIn":207, "numberOut":180},
{"time":"17:15-30 min.", "name":"Žvėryno sen.", "numberIn":3, "numberOut":2},
{"time":"17:15-30 min.", "name":"Pašilaičių sen.", "numberIn":0, "numberOut":1},
{"time":"17:15-30 min.", "name":"Vilkpėdės sen.", "numberIn":0, "numberOut":1},
{"time":"17:15-30 min.", "name":"Justiniškių sen.", "numberIn":0, "numberOut":1},
{"time":"17:30-45 min.", "name":"Antakalnio sen.", "numberIn":111, "numberOut":116},
{"time":"17:30-45 min.", "name":"Karoliniškių sen.", "numberIn":1, "numberOut":0},
{"time":"17:30-45 min.", "name":"Naujamiesčio sen", "numberIn":2, "numberOut":7},
{"time":"17:30-45 min.", "name":"Naujininkų sen.", "numberIn":1, "numberOut":5},
{"time":"17:30-45 min.", "name":"Naujosios Vilnios sen.", "numberIn":2, "numberOut":2},
{"time":"17:30-45 min.", "name":"Rasų sen.", "numberIn":26, "numberOut":22},
{"time":"17:30-45 min.", "name":"Senamiesčio sen.", "numberIn":51, "numberOut":33},
{"time":"17:30-45 min.", "name":"Šeškinės sen.", "numberIn":3, "numberOut":3},
{"time":"17:30-45 min.", "name":"Šnipiškių sen.", "numberIn":168, "numberOut":183},
{"time":"17:30-45 min.", "name":"Verkių sen.", "numberIn":1, "numberOut":4},
{"time":"17:30-45 min.", "name":"Vilkpėdės sen.", "numberIn":2, "numberOut":0},
{"time":"17:30-45 min.", "name":"Žirmūnų sen.", "numberIn":156, "numberOut":160},
{"time":"17:30-45 min.", "name":"Žvėryno sen.", "numberIn":2, "numberOut":3},
{"time":"17:45-60 min.", "name":"Antakalnio sen.", "numberIn":114, "numberOut":114},
{"time":"17:45-60 min.", "name":"Naujamiesčio sen", "numberIn":2, "numberOut":0},
{"time":"17:45-60 min.", "name":"Naujininkų sen.", "numberIn":2, "numberOut":2},
{"time":"17:45-60 min.", "name":"Rasų sen.", "numberIn":26, "numberOut":29},
{"time":"17:45-60 min.", "name":"Senamiesčio sen.", "numberIn":39, "numberOut":40},
{"time":"17:45-60 min.", "name":"Šeškinės sen.", "numberIn":2, "numberOut":1},
{"time":"17:45-60 min.", "name":"Šnipiškių sen.", "numberIn":143, "numberOut":130},
{"time":"17:45-60 min.", "name":"Žirmūnų sen.", "numberIn":116, "numberOut":125},
{"time":"17:45-60 min.", "name":"Žvėryno sen.", "numberIn":3, "numberOut":0},
{"time":"17:45-60 min.", "name":"Naujosios Vilnios sen.", "numberIn":0, "numberOut":2}
]